fid,cellcode,bati_mean,bati_media,morska_mea,morska_med,geometry
1,10kmE459N247,-22.85031274718259,-24.053720474243164,4.316477033291193,5,"list(c(258762.0729, 259581.7252, 269539.1633, 268719.1862, 258762.0729, 5020890.1552, 5030875.9293, 5030034.1304, 5020049.1307, 5020890.1552))"
2,10kmE459N248,-14.658725714109336,-20.217507362365723,4.252519596864501,5,"list(c(259581.7252, 260402.4217, 270360.1786, 269539.1633, 259581.7252, 5030875.9293, 5040861.1324, 5040018.5615, 5030034.1304, 5030875.9293))"
3,10kmE459N249,-15.782044714145325,-19.992979049682617,3.396168108776267,5,"list(c(260402.4217, 261224.1606, 271182.2303, 270360.1786, 260402.4217, 5040861.1324, 5050845.7709, 5050002.4304, 5040018.5615, 5040861.1324))"
4,10kmE460N244,-26.199867529120716,-31.856821060180664,4.501990269792127,5,"list(c(266265.5004, 267082.3531, 277038.2934, 276221.0947, 266265.5004, 4990090.6562, 5000077.4001, 4999236.6672, 4989250.687, 4990090.6562))"
5,10kmE460N245,-15.933482776829234,-16.325159072875977,3.089992242048099,1,"list(c(267082.3531, 267900.249, 277856.5293, 277038.2934, 267082.3531, 5000077.4001, 5010063.5561, 5009222.062, 4999236.6672, 5000077.4001))"
6,10kmE460N246,0.020305023206798,-3.424482107162476,2.783042394014962,1,"list(c(267900.249, 268719.1862, 278675.8007, 277856.5293, 267900.249, 5010063.5561, 5020049.1307, 5019206.8778, 5009222.062, 5010063.5561))"
7,10kmE460N247,11.264292790316029,6.734861850738525,1.757679180887372,1,"list(c(268719.1862, 269539.1633, 279496.1059, 278675.8007, 268719.1862, 5020049.1307, 5030034.1304, 5029191.1211, 5019206.8778, 5020049.1307))"
9,10kmE460N249,2.289219174368808,-0.129238374531269,1,1,"list(c(270360.1786, 271182.2303, 281139.8114, 280317.4434, 270360.1786, 5040018.5615, 5050002.4304, 5049157.9159, 5039174.7983, 5040018.5615))"
10,10kmE461N242,-29.168996914926595,-33.94949913024902,4.786572731040199,5,"list(c(274589.8152, 275404.9347, 285359.6947, 284544.2138, 274589.8152, 4969276.9449, 4979264.1151, 4978423.6066, 4968437.1869, 4969276.9449))"
11,10kmE461N243,-16.229148979057427,-20.57458209991455,3.982549684924867,5,"list(c(275404.9347, 276221.0947, 286176.21, 285359.6947, 275404.9347, 4979264.1151, 4989250.687, 4988409.4305, 4978423.6066, 4979264.1151))"
12,10kmE461N244,12.826965732898026,11.118611812591553,1.918539325842697,1,"list(c(276221.0947, 277038.2934, 286993.7581, 286176.21, 276221.0947, 4989250.687, 4999236.6672, 4998394.6651, 4988409.4305, 4989250.687))"
13,10kmE461N245,22.886808020547775,16.48575210571289,1.244897959183674,1,"list(c(277038.2934, 277856.5293, 287812.3375, 286993.7581, 277038.2934, 4999236.6672, 5009222.062, 5008379.3167, 4998394.6651, 4999236.6672))"
18,10kmE462N241,-38.62947674524462,-39.298728942871094,4.873081708834508,5,"list(c(283729.7691, 284544.2138, 294498.1568, 293683.3414, 283729.7691, 4958450.165, 4968437.1869, 4967596.1009, 4957609.8138, 4958450.165))"
19,10kmE462N242,-14.454636779326197,-13.532021045684814,3.174301675977654,5,"list(c(284544.2138, 285359.6947, 295314.0023, 294498.1568, 284544.2138, 4968437.1869, 4978423.6066, 4977581.7882, 4967596.1009, 4968437.1869))"
20,10kmE462N243,22.67942804682916,23.075225830078125,1.070796460176991,1,"list(c(285359.6947, 286176.21, 296130.8764, 295314.0023, 285359.6947, 4978423.6066, 4988409.4305, 4987566.8822, 4977581.7882, 4978423.6066))"
27,10kmE463N241,-29.967147709392712,-30.57430648803711,3.544990723562152,5,"list(c(293683.3414, 294498.1568, 304451.6742, 303636.4848, 293683.3414, 4957609.8138, 4967596.1009, 4966753.6823, 4956768.1119, 4957609.8138))"
28,10kmE463N242,-5.480854822424854,-4.694430112838745,3.187192118226601,4,"list(c(294498.1568, 295314.0023, 305267.8878, 304451.6742, 294498.1568, 4967596.1009, 4977581.7882, 4976738.6555, 4966753.6823, 4967596.1009))"
29,10kmE463N243,4.102132892637176,2.821830749511719,1.314285714285714,1,"list(c(295314.0023, 296130.8764, 306085.124, 305267.8878, 295314.0023, 4977581.7882, 4987566.8822, 4986723.0377, 4976738.6555, 4977581.7882))"
30,10kmE463N244,41.257677493555846,42.26522636413574,1,1,"list(c(296130.8764, 296948.7774, 306903.3812, 306085.124, 296130.8764, 4987566.8822, 4997551.3893, 4996706.8355, 4986723.0377, 4987566.8822))"
36,10kmE464N243,-24.08096373345236,-37.345699310302734,3.576566125290023,4,"list(c(305267.8878, 306085.124, 316038.9829, 315221.3811, 305267.8878, 4976738.6555, 4986723.0377, 4985877.8924, 4975894.2039, 4976738.6555))"
37,10kmE464N244,26.97709425272609,19.741952896118164,1.81437125748503,1,"list(c(306085.124, 306903.3812, 316857.5996, 316038.9829, 306085.124, 4986723.0377, 4996706.8355, 4995860.999, 4985877.8924, 4986723.0377))"
38,10kmE464N245,105.82407017911444,94.449066162109375,1,1,"list(c(306903.3812, 307722.6576, 317677.2297, 316857.5996, 306903.3812, 4996706.8355, 5006690.0552, 5005843.53, 4995860.999, 4996706.8355))"
43,10kmE465N239,-42.81802279179885,-45.946754455566406,4.80700325732899,5,"list(c(311961.157, 312774.6824, 322726.6712, 321912.7532, 311961.157, 4935953.5008, 4945939.5818, 4945095.8482, 4935110.4525, 4935953.5008))"
44,10kmE465N240,-41.535713312052664,-48.930830001831055,4.683229813664596,5,"list(c(312774.6824, 313589.2292, 323541.6048, 322726.6712, 312774.6824, 4945939.5818, 4955925.055, 4955080.6385, 4945095.8482, 4945939.5818))"
45,10kmE465N243,-51.4742560166052,-51.1820068359375,3.989570798235058,4,"list(c(315221.3811, 316038.9829, 325992.483, 325174.5124, 315221.3811, 4975894.2039, 4985877.8924, 4985031.4419, 4975048.429, 4975894.2039))"
46,10kmE465N244,-53.81168040926222,-52.26535224914551,3.98436873747495,4,"list(c(316038.9829, 316857.5996, 326811.4628, 325992.483, 316038.9829, 4985877.8924, 4995860.999, 4995013.8754, 4985031.4419, 4985877.8924))"
47,10kmE465N245,-30.611972560968397,-52.32708930969238,3.627679118187385,4,"list(c(316857.5996, 317677.2297, 327631.4499, 326811.4628, 316857.5996, 4995860.999, 5005843.53, 5004995.7356, 4995013.8754, 4995860.999))"
48,10kmE465N246,61.293949698048586,-15.159788131713867,3.686727122835944,4,"list(c(317677.2297, 318497.8715, 328452.4429, 327631.4499, 317677.2297, 5005843.53, 5015825.4918, 5014977.0292, 5004995.7356, 5005843.53))"
49,10kmE465N247,142.89439954175003,155.1945037841797,3.473846153846154,4,"list(c(318497.8715, 319319.5234, 329274.44, 328452.4429, 318497.8715, 5015825.4918, 5025806.891, 5024957.7626, 5014977.0292, 5015825.4918))"
50,10kmE465N248,121.76564159120097,117.85824966430664,1,1,"list(c(319319.5234, 320142.1838, 330097.4396, 329274.44, 319319.5234, 5025806.891, 5035787.7338, 5034937.9422, 5024957.7626, 5025806.891))"
52,10kmE466N238,-44.4615734177972,-50.15737342834473,4.512073272273105,5,"list(c(321099.8524, 321912.7532, 331864.0037, 331050.701, 321099.8524, 4925124.445, 4935110.4525, 4934266.004, 4924280.6661, 4925124.445))"
53,10kmE466N239,-37.873776779724786,-45.32472610473633,4.21287779237845,5,"list(c(321912.7532, 322726.6712, 332678.3178, 331864.0037, 321912.7532, 4935110.4525, 4945095.8482, 4944250.7325, 4934266.004, 4935110.4525))"
54,10kmE466N240,-29.12305603191091,-34.45491409301758,3.968484848484848,5,"list(c(322726.6712, 323541.6048, 333493.6415, 332678.3178, 322726.6712, 4945095.8482, 4955080.6385, 4954234.858, 4944250.7325, 4945095.8482))"
55,10kmE466N241,-27.25805780606878,-43.670265197753906,4.116650049850449,5,"list(c(323541.6048, 324357.5524, 334309.9733, 333493.6415, 323541.6048, 4955080.6385, 4965064.83, 4964218.3871, 4954234.858, 4955080.6385))"
56,10kmE466N242,1.589103439865058,-7.788756370544434,3.739861523244313,4,"list(c(324357.5524, 325174.5124, 335127.3116, 334309.9733, 324357.5524, 4965064.83, 4975048.429, 4974201.3262, 4964218.3871, 4965064.83))"
57,10kmE466N243,-21.004899204666557,-29.274009704589844,3.402109426499671,4,"list(c(325174.5124, 325992.483, 335945.6545, 335127.3116, 325174.5124, 4975048.429, 4985031.4419, 4984183.6817, 4974201.3262, 4975048.429))"
58,10kmE466N244,-32.26600000454098,-50.80046844482422,3.677165354330709,4,"list(c(325992.483, 326811.4628, 336765.0007, 335945.6545, 325992.483, 4985031.4419, 4995013.8754, 4994165.4601, 4984183.6817, 4985031.4419))"
59,10kmE466N245,-18.92066832806661,-51.71102523803711,3.804154302670623,4,"list(c(326811.4628, 327631.4499, 337585.3483, 336765.0007, 326811.4628, 4995013.8754, 5004995.7356, 5004146.6678, 4994165.4601, 4995013.8754))"
60,10kmE466N246,-61.84982085662342,-64.69383239746094,3.928453267162944,4,"list(c(327631.4499, 328452.4429, 338406.6958, 337585.3483, 327631.4499, 5004995.7356, 5014977.0292, 5014127.3112, 5004146.6678, 5004995.7356))"
61,10kmE466N247,-56.71909366056278,-61.614728927612305,3.903253062948881,4,"list(c(328452.4429, 329274.44, 339229.0416, 338406.6958, 328452.4429, 5014977.0292, 5024957.7626, 5024107.3969, 5014127.3112, 5014977.0292))"
62,10kmE466N248,109.95787664302722,117.47262573242187,2.089285714285714,1,"list(c(329274.44, 330097.4396, 340052.384, 339229.0416, 329274.44, 5024957.7626, 5034937.9422, 5034086.9312, 5024107.3969, 5024957.7626))"
65,10kmE467N238,-45.349228422498335,-49.994956970214844,4.146877748460862,4,"list(c(331050.701, 331864.0037, 341814.9387, 341001.2306, 331050.701, 4924280.6661, 4934266.004, 4933420.1507, 4923435.4644, 4924280.6661))"
66,10kmE467N239,-42.654640056427496,-45.99045944213867,3.405894519131334,4,"list(c(331864.0037, 332678.3178, 342629.6522, 341814.9387, 331864.0037, 4934266.004, 4944250.7325, 4943404.2301, 4933420.1507, 4934266.004))"
67,10kmE467N240,-0.540731623035357,-4.127209901809692,2.97037037037037,4,"list(c(332678.3178, 333493.6415, 343445.3695, 342629.6522, 332678.3178, 4944250.7325, 4954234.858, 4953387.709, 4943404.2301, 4944250.7325))"
68,10kmE467N241,3.873290614093986,5.400205612182617,3.491735537190082,4,"list(c(333493.6415, 334309.9733, 344262.0889, 343445.3695, 333493.6415, 4954234.858, 4964218.3871, 4963370.5938, 4953387.709, 4954234.858))"
69,10kmE467N242,-21.940778467431887,-72.23845291137695,4.023529411764706,4,"list(c(334309.9733, 335127.3116, 345079.8087, 344262.0889, 334309.9733, 4964218.3871, 4974201.3262, 4973352.891, 4963370.5938, 4964218.3871))"
70,10kmE467N243,-27.175600699832135,-42.14304733276367,3.72752808988764,4,"list(c(335127.3116, 335945.6545, 345898.5275, 345079.8087, 335127.3116, 4974201.3262, 4984183.6817, 4983334.6071, 4973352.891, 4974201.3262))"
71,10kmE467N244,-32.87317484164796,-50.60372734069824,3.613725490196078,4,"list(c(335945.6545, 336765.0007, 346718.2434, 345898.5275, 335945.6545, 4984183.6817, 4994165.4601, 4993315.7486, 4983334.6071, 4984183.6817))"
72,10kmE467N245,-0.532874659441516,5.203188896179199,3.529595015576324,4,"list(c(336765.0007, 337585.3483, 347538.955, 346718.2434, 336765.0007, 4994165.4601, 5004146.6678, 5003296.3217, 4993315.7486, 4994165.4601))"
73,10kmE467N246,-49.40740554765506,-60.64055252075195,3.718399219131284,4,"list(c(337585.3483, 338406.6958, 348360.6605, 347538.955, 337585.3483, 5004146.6678, 5014127.3112, 5013276.3331, 5003296.3217, 5004146.6678))"
74,10kmE467N247,-25.918594685203104,-32.864036560058594,3.540902679830748,4,"list(c(338406.6958, 339229.0416, 349183.3583, 348360.6605, 338406.6958, 5014127.3112, 5024107.3969, 5023255.7891, 5013276.3331, 5014127.3112))"
79,10kmE468N236,-62.41472342359772,-62.999061584472656,4.898739324928833,5,"list(c(339376.8371, 340188.5295, 350138.3554, 349326.2424, 339376.8371, 4903464.245, 4913450.1646, 4912604.1714, 4902618.89, 4903464.245))"
80,10kmE468N237,-53.21340484006413,-51.17796325683594,4.728952772073922,5,"list(c(340188.5295, 341001.2306, 350951.4712, 350138.3554, 340188.5295, 4913450.1646, 4923435.4644, 4922588.8353, 4912604.1714, 4913450.1646))"
81,10kmE468N238,-34.46411387692664,-37.36318588256836,3.741024413595022,4,"list(c(341001.2306, 341814.9387, 351765.5881, 350951.4712, 341001.2306, 4923435.4644, 4933420.1507, 4932572.8882, 4922588.8353, 4923435.4644))"
82,10kmE468N239,-51.015138102273525,-58.21629524230957,3.702333065164924,4,"list(c(341814.9387, 342629.6522, 352580.7045, 351765.5881, 341814.9387, 4933420.1507, 4943404.2301, 4942556.3365, 4932572.8882, 4933420.1507))"
83,10kmE468N240,-61.63300182124743,-70.41516494750977,3.916115702479339,4,"list(c(342629.6522, 343445.3695, 353396.8186, 352580.7045, 342629.6522, 4943404.2301, 4953387.709, 4952539.1868, 4942556.3365, 4943404.2301))"
84,10kmE468N241,-81.23338468945003,-80.81829071044922,4.0772,4,"list(c(343445.3695, 344262.0889, 354213.929, 353396.8186, 343445.3695, 4953387.709, 4963370.5938, 4962521.4455, 4952539.1868, 4953387.709))"
85,10kmE468N242,-88.1904662466483,-92.94952011108398,4.082866293034428,4,"list(c(344262.0889, 345079.8087, 355032.0339, 354213.929, 344262.0889, 4963370.5938, 4973352.891, 4972503.1189, 4962521.4455, 4963370.5938))"
86,10kmE468N243,-72.73656702115886,-76.70980072021484,4.060544494108086,4,"list(c(345079.8087, 345898.5275, 355851.1318, 355032.0339, 345079.8087, 4973352.891, 4983334.6071, 4982484.2137, 4972503.1189, 4973352.891))"
87,10kmE468N244,7.788065204322609,5.683822631835938,3.312868949232586,4,"list(c(345898.5275, 346718.2434, 356671.221, 355851.1318, 345898.5275, 4983334.6071, 4993315.7486, 4992464.7363, 4982484.2137, 4983334.6071))"
88,10kmE468N245,4.498064940889845,1.21247786283493,2.782945736434109,2,"list(c(346718.2434, 347538.955, 357492.2999, 356671.221, 346718.2434, 4993315.7486, 5003296.3217, 5002444.693, 4992464.7363, 4993315.7486))"
89,10kmE468N246,-8.41153104903424,-11.985461235046387,3.059139784946237,4,"list(c(347538.955, 348360.6605, 358314.3668, 357492.2999, 347538.955, 5003296.3217, 5013276.3331, 5012424.0904, 5002444.693, 5003296.3217))"
90,10kmE468N247,40.5820069593277,39.170963287353516,2.02,1,"list(c(348360.6605, 349183.3583, 359137.4201, 358314.3668, 348360.6605, 5013276.3331, 5023255.7891, 5022402.9349, 5012424.0904, 5013276.3331))"
95,10kmE469N236,-47.136954102658855,-52.48884201049805,4.200351493848857,5,"list(c(349326.2424, 350138.3554, 360087.919, 359275.382, 349326.2424, 4902618.89, 4912604.1714, 4911756.7282, 4901772.067, 4902618.89))"
96,10kmE469N237,-35.65793465836265,-37.33916473388672,3.942083138720224,5,"list(c(350138.3554, 350951.4712, 360901.4529, 360087.919, 350138.3554, 4912604.1714, 4922588.8353, 4921740.7743, 4911756.7282, 4912604.1714))"
97,10kmE469N238,-55.3680249187127,-50.269561767578125,3.958717434869739,4,"list(c(350951.4712, 351765.5881, 361715.9819, 360901.4529, 350951.4712, 4922588.8353, 4932572.8882, 4931724.2118, 4921740.7743, 4922588.8353))"
98,10kmE469N240,-66.72509244488832,-73.24626159667969,3.991431019708655,4,"list(c(352580.7045, 353396.8186, 363348.019, 362531.5045, 352580.7045, 4942556.3365, 4952539.1868, 4951689.287, 4941707.0472, 4942556.3365))"
99,10kmE469N241,-48.897442323076476,-51.39493942260742,3.681743869209809,4,"list(c(353396.8186, 354213.929, 364165.5238, 363348.019, 353396.8186, 4952539.1868, 4962521.4455, 4961670.9375, 4951689.287, 4952539.1868))"
100,10kmE469N242,-31.06453227052745,-27.082542419433594,3.06078431372549,4,"list(c(354213.929, 355032.0339, 364984.0172, 364165.5238, 354213.929, 4962521.4455, 4972503.1189, 4971652.0053, 4961670.9375, 4962521.4455))"
101,10kmE469N243,-50.844009566872636,-64.21993255615234,3.582479508196721,4,"list(c(355032.0339, 355851.1318, 365803.4977, 364984.0172, 355032.0339, 4972503.1189, 4982484.2137, 4981632.4969, 4971652.0053, 4972503.1189))"
102,10kmE469N244,67.67698509797172,76.41509246826172,3.305460750853242,4,"list(c(355851.1318, 356671.221, 366623.9635, 365803.4977, 355851.1318, 4982484.2137, 4992464.7363, 4991612.4186, 4981632.4969, 4982484.2137))"
103,10kmE469N245,-44.66221315939293,-54.98773193359375,3.813124108416548,4,"list(c(356671.221, 357492.2999, 367445.4132, 366623.9635, 356671.221, 4992464.7363, 5002444.693, 5001591.777, 4991612.4186, 4992464.7363))"
104,10kmE469N246,88.42090144784305,90.17540740966797,2.485294117647059,2,"list(c(357492.2999, 358314.3668, 368267.8449, 367445.4132, 357492.2999, 5002444.693, 5012424.0904, 5011570.5784, 5001591.777, 5002444.693))"
109,10kmE470N234,-63.006983663091,-64.1270751953125,4.942857142857143,5,"list(c(357653.3047, 358463.8433, 368412.3139, 367601.336, 357653.3047, 4881800.8736, 4891786.7843, 4890939.0931, 4880953.7893, 4881800.8736))"
110,10kmE470N235,-43.826976960266755,-50.93454360961914,4.058291911432445,5,"list(c(358463.8433, 359275.382, 369224.2858, 368412.3139, 358463.8433, 4891786.7843, 4901772.067, 4900923.7713, 4890939.0931, 4891786.7843))"
111,10kmE470N236,-39.29069211371486,-48.1155891418457,3.67741935483871,4,"list(c(359275.382, 360087.919, 370037.2503, 369224.2858, 359275.382, 4901772.067, 4911756.7282, 4910907.8304, 4900923.7713, 4901772.067))"
112,10kmE470N237,-28.172092552241672,-20.290478706359863,3.230938014262205,4,"list(c(360087.919, 360901.4529, 370851.2056, 370037.2503, 360087.919, 4911756.7282, 4921740.7743, 4920891.2768, 4910907.8304, 4911756.7282))"
113,10kmE470N238,-72.07792371624502,-80.68639373779297,3.939950980392157,4,"list(c(360901.4529, 361715.9819, 371666.1502, 370851.2056, 360901.4529, 4921740.7743, 4931724.2118, 4930874.1171, 4920891.2768, 4921740.7743))"
114,10kmE470N239,-54.2028808944061,-68.79954147338867,3.497680890538033,4,"list(c(361715.9819, 362531.5045, 372482.0824, 371666.1502, 361715.9819, 4931724.2118, 4941707.0472, 4940856.3576, 4930874.1171, 4931724.2118))"
115,10kmE470N240,-65.28483029455509,-74.02530288696289,3.764223722275795,4,"list(c(362531.5045, 363348.019, 373299.0006, 372482.0824, 362531.5045, 4941707.0472, 4951689.287, 4950838.0049, 4940856.3576, 4941707.0472))"
116,10kmE470N241,-44.97594844278401,-39.61722183227539,3.319453924914676,4,"list(c(363348.019, 364165.5238, 374116.9032, 373299.0006, 363348.019, 4951689.287, 4961670.9375, 4960819.0654, 4950838.0049, 4951689.287))"
117,10kmE470N242,-28.86448941341904,-72.22181701660156,3.795669072737368,4,"list(c(364165.5238, 364984.0172, 374935.7886, 374116.9032, 364165.5238, 4961670.9375, 4971652.0053, 4970799.5456, 4960819.0654, 4961670.9375))"
118,10kmE470N243,-61.377045772545415,-76.27816390991211,3.800190748688603,4,"list(c(364984.0172, 365803.4977, 375755.655, 374935.7886, 364984.0172, 4971652.0053, 4981632.4969, 4980779.452, 4970799.5456, 4971652.0053))"
119,10kmE470N244,-30.798951902430886,-61.349632263183594,3.713723284589426,4,"list(c(365803.4977, 366623.9635, 376576.501, 375755.655, 365803.4977, 4981632.4969, 4991612.4186, 4990758.791, 4980779.452, 4981632.4969))"
120,10kmE470N245,64.7773470246647,63.222225189208984,3.348111658456486,4,"list(c(366623.9635, 367445.4132, 377398.3248, 376576.501, 366623.9635, 4991612.4186, 5001591.777, 5000737.569, 4990758.791, 4991612.4186))"
126,10kmE471N234,-43.16707109447494,-51.44036293029785,4.190697674418605,5,"list(c(367601.336, 368412.3139, 378360.5753, 377549.1548, 367601.336, 4880953.7893, 4890939.0931, 4890089.9067, 4880105.1917, 4880953.7893))"
127,10kmE471N235,-36.89750209592524,-38.77290916442871,3.291064740502943,4,"list(c(368412.3139, 369224.2858, 379172.9839, 378360.5753, 368412.3139, 4890939.0931, 4900923.7713, 4900073.9985, 4890089.9067, 4890939.0931))"
128,10kmE471N236,-54.72662299151708,-52.99518013000488,4.1664,4,"list(c(369224.2858, 370037.2503, 379986.3792, 379172.9839, 369224.2858, 4900923.7713, 4910907.8304, 4910057.4735, 4900073.9985, 4900923.7713))"
129,10kmE471N237,-63.92880960418609,-71.49889755249023,3.920097839380351,4,"list(c(370037.2503, 370851.2056, 380800.7594, 379986.3792, 370037.2503, 4910907.8304, 4920891.2768, 4920040.3383, 4910057.4735, 4910907.8304))"
130,10kmE471N238,-29.48917003641679,-20.419167518615723,3.378898473788985,4,"list(c(370851.2056, 371666.1502, 381616.1229, 380800.7594, 370851.2056, 4920891.2768, 4930874.1171, 4930022.5993, 4920040.3383, 4920891.2768))"
131,10kmE471N239,-24.021658581465996,-16.13911533355713,2.496335078534031,2,"list(c(371666.1502, 372482.0824, 382432.4682, 381616.1229, 371666.1502, 4930874.1171, 4940856.3576, 4940004.263, 4930022.5993, 4930874.1171))"
132,10kmE471N240,19.70258157010155,13.88243293762207,3.546803652968037,4,"list(c(372482.0824, 373299.0006, 383249.7935, 382432.4682, 372482.0824, 4940856.3576, 4950838.0049, 4949985.3359, 4940004.263, 4940856.3576))"
133,10kmE471N241,174.972471587483,155.25350952148437,1,1,"list(c(373299.0006, 374116.9032, 384068.0974, 383249.7935, 373299.0006, 4950838.0049, 4960819.0654, 4959965.8245, 4949985.3359, 4950838.0049))"
135,10kmE471N243,139.93319227189681,144.4676055908203,1,1,"list(c(374935.7886, 375755.655, 385707.6339, 384887.378, 374935.7886, 4970799.5456, 4980779.452, 4979925.0744, 4969945.7352, 4970799.5456))"
136,10kmE471N244,229.18129435776115,221.8125457763672,1,1,"list(c(375755.655, 376576.501, 386528.8634, 385707.6339, 375755.655, 4980779.452, 4990758.791, 4989903.8488, 4979925.0744, 4980779.452))"
143,10kmE472N232,-72.08370528525738,-71.92584991455078,4.998392928887103,5,"list(c(375929.2851, 376738.7242, 386685.9085, 385876.0115, 375929.2851, 4860133.8662, 4870119.8471, 4869270.3048, 4859284.8995, 4860133.8662))"
144,10kmE472N233,-45.01511292972091,-49.72846984863281,4.331354560172693,5,"list(c(376738.7242, 377549.1548, 387496.791, 386685.9085, 376738.7242, 4870119.8471, 4880105.1917, 4879255.0763, 4869270.3048, 4870119.8471))"
145,10kmE472N234,-39.42274131233432,-43.775339126586914,3.690322580645161,4,"list(c(377549.1548, 378360.5753, 388308.6575, 387496.791, 377549.1548, 4880105.1917, 4890089.9067, 4889239.2204, 4879255.0763, 4880105.1917))"
146,10kmE472N235,-35.53881730983979,-41.617130279541016,3.617081182543407,4,"list(c(378360.5753, 379172.9839, 389121.5063, 388308.6575, 378360.5753, 4890089.9067, 4900073.9985, 4899222.7438, 4889239.2204, 4890089.9067))"
147,10kmE472N236,-31.733727781802042,-32.53903770446777,3.53494094488189,4,"list(c(379172.9839, 379986.3792, 389935.3357, 389121.5063, 379172.9839, 4900073.9985, 4910057.4735, 4909205.6529, 4899222.7438, 4900073.9985))"
148,10kmE472N237,-27.61101345167302,-21.295615196228027,3.111357340720222,4,"list(c(379986.3792, 380800.7594, 390750.1442, 389935.3357, 379986.3792, 4910057.4735, 4920040.3383, 4919187.9541, 4909205.6529, 4910057.4735))"
149,10kmE472N238,-15.45212817171056,-10.961174488067627,2.956834532374101,4,"list(c(380800.7594, 381616.1229, 391565.9301, 390750.1442, 380800.7594, 4920040.3383, 4930022.5993, 4929169.654, 4919187.9541, 4920040.3383))"
150,10kmE472N239,129.5701651581909,89.32862091064453,3.463497453310696,4,"list(c(381616.1229, 382432.4682, 392382.6918, 391565.9301, 381616.1229, 4930022.5993, 4940004.263, 4939150.759, 4929169.654, 4930022.5993))"
162,10kmE473N232,-45.748971534729,-40.50219535827637,4.157860824742268,5,"list(c(385876.0115, 386685.9085, 396632.9368, 395822.5786, 385876.0115, 4859284.8995, 4869270.3048, 4868419.2219, 4858434.3741, 4859284.8995))"
163,10kmE473N233,-42.77353405992985,-48.279714584350586,3.647852147852148,4,"list(c(386685.9085, 387496.791, 397444.2747, 396632.9368, 386685.9085, 4869270.3048, 4879255.0763, 4878403.4383, 4868419.2219, 4869270.3048))"
164,10kmE473N234,-27.001210211859114,-23.897561073303223,3.343481138318994,4,"list(c(387496.791, 388308.6575, 398256.5905, 397444.2747, 387496.791, 4879255.0763, 4889239.2204, 4888387.0297, 4878403.4383, 4879255.0763))"
165,10kmE473N235,-12.48993247978912,-15.1084885597229,3.446467589220684,4,"list(c(388308.6575, 389121.5063, 399069.8828, 398256.5905, 388308.6575, 4889239.2204, 4899222.7438, 4898370.0028, 4888387.0297, 4889239.2204))"
166,10kmE473N236,-7.658682165292553,-7.812656402587891,1.492490118577075,1,"list(c(389121.5063, 389935.3357, 399884.1498, 399069.8828, 389121.5063, 4899222.7438, 4909205.6529, 4908352.364, 4898370.0028, 4899222.7438))"
167,10kmE473N237,-5.891684153801439,-2.249473810195923,2.788262370540851,4,"list(c(389935.3357, 390750.1442, 400699.39, 399884.1498, 389935.3357, 4909205.6529, 4919187.9541, 4918334.1197, 4908352.364, 4909205.6529))"
168,10kmE473N238,112.2973652143281,84.49460220336914,3.565509518477044,4,"list(c(390750.1442, 391565.9301, 401515.6016, 400699.39, 390750.1442, 4919187.9541, 4929169.654, 4928315.2764, 4918334.1197, 4919187.9541))"
184,10kmE474N231,-64.33406667450505,-63.71065139770508,4.25293217746048,5,"list(c(395013.2016, 395822.5786, 405769.0163, 404959.1688, 395013.2016, 4848448.8884, 4858434.3741, 4857582.2854, 4847597.3416, 4848448.8884))"
185,10kmE474N232,-34.92107444803138,-33.8768196105957,3.398619957537155,5,"list(c(395822.5786, 396632.9368, 406579.8391, 405769.0163, 395822.5786, 4858434.3741, 4868419.2219, 4867566.5938, 4857582.2854, 4858434.3741))"
186,10kmE474N233,-29.351592747160954,-19.52775287628174,3.194413407821229,4,"list(c(396632.9368, 397444.2747, 407391.6357, 406579.8391, 396632.9368, 4868419.2219, 4878403.4383, 4877550.2731, 4867566.5938, 4868419.2219))"
187,10kmE474N234,8.479093350849784,9.817271709442139,3.067065868263473,4,"list(c(397444.2747, 398256.5905, 408204.4043, 407391.6357, 397444.2747, 4878403.4383, 4888387.0297, 4887533.3299, 4877550.2731, 4878403.4383))"
189,10kmE474N236,3.154943773234188,-0.082042545080185,2.690444145356662,2,"list(c(399069.8828, 399884.1498, 409832.8515, 409018.1435, 399069.8828, 4898370.0028, 4908352.364, 4907497.6021, 4897515.7708, 4898370.0028))"
190,10kmE474N237,14.213460716759624,-6.807063579559326,3.317375886524823,4,"list(c(399884.1498, 400699.39, 410648.5267, 409832.8515, 399884.1498, 4908352.364, 4918334.1197, 4917478.8303, 4907497.6021, 4908352.364))"
208,10kmE475N230,-93.6412461671504,-112.78073120117187,4.640525646460365,5,"list(c(404150.2983, 404959.1688, 414905.0331, 414095.6827, 404150.2983, 4837611.7557, 4847597.3416, 4846744.2088, 4836759.1491, 4837611.7557))"
209,10kmE475N231,-61.35002246421858,-65.56180953979492,4.480266286257727,5,"list(c(404959.1688, 405769.0163, 415715.3545, 414905.0331, 404959.1688, 4847597.3416, 4857582.2854, 4856728.6289, 4846744.2088, 4847597.3416))"
210,10kmE475N232,-34.92014246980702,-26.96854305267334,3.485409652076319,4,"list(c(405769.0163, 406579.8391, 416526.6453, 415715.3545, 405769.0163, 4857582.2854, 4867566.5938, 4866712.4159, 4856728.6289, 4857582.2854))"
211,10kmE475N233,2.323786698966891,1.43774425983429,1.435754189944134,1,"list(c(406579.8391, 407391.6357, 417338.904, 416526.6453, 406579.8391, 4867566.5938, 4877550.2731, 4876695.5762, 4866712.4159, 4867566.5938))"
213,10kmE475N235,51.77592571710874,56.13487434387207,1,1,"list(c(408204.4043, 409018.1435, 418966.3183, 418152.1288, 408204.4043, 4887533.3299, 4897515.7708, 4896660.043, 4886678.1164, 4887533.3299))"
214,10kmE475N236,6.062227415206069,3.042886018753052,2.822769953051643,4,"list(c(409018.1435, 409832.8515, 419781.4707, 418966.3183, 409018.1435, 4897515.7708, 4907497.6021, 4906641.3625, 4896660.043, 4897515.7708))"
215,10kmE475N237,63.76460273494937,47.63987350463867,3.256521739130435,4,"list(c(409832.8515, 410648.5267, 420597.5845, 419781.4707, 409832.8515, 4907497.6021, 4917478.8303, 4916622.0814, 4906641.3625, 4907497.6021))"
236,10kmE476N223,-144.3196691160202,-149.1609878540039,4.021608643457383,4,"list(c(408457.5553, 409260.0631, 419202.3478, 418399.3155, 408457.5553, 4766845.2748, 4776834.9942, 4775983.8773, 4765994.6826, 4766845.2748))"
237,10kmE476N229,-173.7327468795101,-187.91754150390625,5.12874850059976,5,"list(c(413287.305, 414095.6827, 424040.9908, 423232.124, 413287.305, 4826773.4433, 4836759.1491, 4835904.9339, 4825919.7385, 4826773.4433))"
238,10kmE476N230,-58.59724382420685,-55.070213317871094,4.548853016142735,5,"list(c(414095.6827, 414905.0331, 424850.8244, 424040.9908, 414095.6827, 4836759.1491, 4846744.2088, 4845889.4855, 4835904.9339, 4836759.1491))"
239,10kmE476N231,-71.33516180285238,-79.06620025634766,4.689922480620155,5,"list(c(414905.0331, 415715.3545, 425661.6231, 424850.8244, 414905.0331, 4846744.2088, 4856728.6289, 4855873.3998, 4845889.4855, 4846744.2088))"
240,10kmE476N232,-5.296573045880653,-9.736565113067627,2.616323417238749,2,"list(c(415715.3545, 416526.6453, 426473.3854, 425661.6231, 415715.3545, 4856728.6289, 4866712.4159, 4865856.6835, 4855873.3998, 4856728.6289))"
243,10kmE476N235,9.11235631438031,10.607572555541992,1.337552742616034,1,"list(c(418152.1288, 418966.3183, 428914.4372, 428099.794, 418152.1288, 4886678.1164, 4896660.043, 4895802.815, 4885821.3845, 4886678.1164))"
244,10kmE476N236,-0.671385721690742,-2.474478125572205,1.425,1,"list(c(418966.3183, 419781.4707, 429730.0375, 428914.4372, 418966.3183, 4896660.043, 4906641.3625, 4905783.6407, 4895802.815, 4896660.043))"
267,10kmE477N229,-132.51161566371238,-112.31486892700195,4.911344537815126,4,"list(c(423232.124, 424040.9908, 433986.2525, 433176.8932, 423232.124, 4825919.7385, 4835904.9339, 4835049.1053, 4825064.4024, 4825919.7385))"
268,10kmE477N230,-51.04414003857403,-60.756900787353516,4.298636363636364,5,"list(c(424040.9908, 424850.8244, 434796.5727, 433986.2525, 424040.9908, 4835904.9339, 4845889.4855, 4845033.1669, 4835049.1053, 4835904.9339))"
269,10kmE477N231,-28.617002868555346,-17.70153045654297,3.262916939175932,4,"list(c(424850.8244, 425661.6231, 435607.8522, 434796.5727, 424850.8244, 4845889.4855, 4855873.3998, 4855016.5936, 4845033.1669, 4845889.4855))"
270,10kmE477N232,21.825941678452057,17.079729080200195,2.295238095238095,2,"list(c(425661.6231, 426473.3854, 436420.0892, 435607.8522, 425661.6231, 4855873.3998, 4865856.6835, 4864999.3919, 4855016.5936, 4855873.3998))"
273,10kmE477N235,12.54149980737115,11.766607761383057,1,1,"list(c(428099.794, 428914.4372, 438862.5302, 438047.4299, 428099.794, 4885821.3845, 4895802.815, 4894944.0819, 4884963.1296, 4885821.3845))"
298,10kmE478N222,-130.92853506244833,-127.90463256835937,4.158908507223114,4,"list(c(427538.4174, 428341.0055, 438282.6554, 437479.53, 427538.4174, 4755152.9754, 4765142.3506, 4764288.2744, 4754299.3901, 4755152.9754))"
299,10kmE478N223,-124.01885635639927,-125.40892028808594,4.049186991869918,4,"list(c(428341.0055, 429144.5659, 439086.7471, 438282.6554, 428341.0055, 4765142.3506, 4775131.0388, 4774276.474, 4764288.2744, 4765142.3506))"
300,10kmE478N229,-122.40349406829026,-125.92442321777344,4.265722615576843,4,"list(c(433176.8932, 433986.2525, 443931.4977, 443121.6425, 433176.8932, 4825064.4024, 4835049.1053, 4834191.6588, 4824207.4302, 4825064.4024))"
301,10kmE478N230,-39.9584461733719,-42.2875862121582,3.461985472154964,4,"list(c(433986.2525, 434796.5727, 444742.308, 443931.4977, 433986.2525, 4835049.1053, 4845033.1669, 4844175.2483, 4834191.6588, 4835049.1053))"
302,10kmE478N231,-6.356038090885465,-4.351789474487305,2.715883668903803,2,"list(c(434796.5727, 435607.8522, 445554.0715, 444742.308, 434796.5727, 4845033.1669, 4855016.5936, 4854158.2054, 4844175.2483, 4845033.1669))"
328,10kmE479N222,-102.57706084789915,-100.54116821289062,4.985565356856456,5,"list(c(437479.53, 438282.6554, 448224.2949, 447420.6289, 437479.53, 4754299.3901, 4764288.2744, 4763432.4492, 4753444.0378, 4754299.3901))"
329,10kmE479N223,-109.64330958013404,-110.81359100341797,4.971947194719472,5,"list(c(438282.6554, 439086.7471, 449028.9213, 448224.2949, 438282.6554, 4764288.2744, 4774276.474, 4773420.1783, 4763432.4492, 4764288.2744))"
330,10kmE479N228,-132.39083971187154,-141.76583862304687,4.253504205046055,4,"list(c(442312.7438, 443121.6425, 453066.4018, 452256.9979, 442312.7438, 4814222.5561, 4824207.4302, 4823348.8173, 4813364.4019, 4814222.5561))"
331,10kmE479N229,-76.40317314676666,-80.76812744140625,4.321059164253207,4,"list(c(443121.6425, 443931.4977, 453876.7564, 453066.4018, 443121.6425, 4824207.4302, 4834191.6588, 4833332.5895, 4823348.8173, 4824207.4302))"
332,10kmE479N230,-20.254700844822423,-13.828832626342773,2.770384866275277,2,"list(c(443931.4977, 444742.308, 454688.06, 453876.7564, 443931.4977, 4834191.6588, 4844175.2483, 4843315.7251, 4833332.5895, 4834191.6588))"
333,10kmE479N231,21.2282549798644,22.5941104888916,1.897058823529412,1,"list(c(444742.308, 445554.0715, 455500.3112, 454688.06, 444742.308, 4844175.2483, 4854158.2054, 4853298.2306, 4843315.7251, 4844175.2483))"
361,10kmE480N228,-59.77458229810962,-42.461204528808594,4.279951836243227,5,"list(c(452256.9979, 453066.4018, 463011.2011, 462201.2885, 452256.9979, 4813364.4019, 4823348.8173, 4822488.5589, 4812504.5842, 4813364.4019))"
362,10kmE480N229,7.628268898385143,6.834045886993408,1.827586206896552,1,"list(c(453066.4018, 453876.7564, 463822.0584, 463011.2011, 453066.4018, 4823348.8173, 4833332.5895, 4832471.8928, 4822488.5589, 4823348.8173))"
363,10kmE480N230,22.536476743541577,23.501766204833984,2.75,3,"list(c(453876.7564, 454688.06, 464633.8589, 463822.0584, 453876.7564, 4833332.5895, 4843315.7251, 4842454.5925, 4832471.8928, 4833332.5895))"
393,10kmE481N222,-87.98173149107711,-96.2991943359375,4.94465730097914,5,"list(c(457361.744, 458165.954, 468107.6625, 467302.9051, 457361.744, 4752586.9137, 4762574.8703, 4761715.533, 4751728.0131, 4752586.9137))"
394,10kmE481N223,-64.19837834717684,-80.88972091674805,4.806800618238022,5,"list(c(458165.954, 458971.1185, 468913.3685, 468107.6625, 458165.954, 4762574.8703, 4772562.147, 4771702.3752, 4761715.533, 4762574.8703))"
395,10kmE481N227,-84.22577803743067,-106.85879898071289,4.287201735357917,4,"list(c(461392.3224, 462201.2885, 472145.6456, 471336.1615, 461392.3224, 4802519.9622, 4812504.5842, 4811643.0983, 4801658.9013, 4802519.9622))"
396,10kmE481N228,11.399069344095487,13.020721912384033,3.139671361502347,4,"list(c(462201.2885, 463011.2011, 472956.0702, 472145.6456, 462201.2885, 4812504.5842, 4822488.5589, 4821626.6504, 4811643.0983, 4812504.5842))"
426,10kmE482N223,-23.15864828292072,-4.810523509979248,4.35016835016835,5,"list(c(468107.6625, 468913.3685, 478855.7011, 478049.4502, 468107.6625, 4761715.533, 4771702.3752, 4770840.8583, 4760854.4325, 4761715.533))"
427,10kmE482N224,-86.05110038390373,-87.73893356323242,4.970811675329868,5,"list(c(468913.3685, 469720.0214, 479662.893, 478855.7011, 468913.3685, 4771702.3752, 4781688.5463, 4780826.6154, 4770840.8583, 4771702.3752))"
428,10kmE482N227,-57.49462952706266,-64.75235366821289,4.182722513089005,4,"list(c(471336.1615, 472145.6456, 482090.099, 481280.0935, 471336.1615, 4801658.9013, 4811643.0983, 4810779.9393, 4800796.1493, 4801658.9013))"
429,10kmE482N228,-24.790660917645027,-10.758067607879639,3.371394230769231,4,"list(c(472145.6456, 472956.0702, 482901.0391, 482090.099, 472145.6456, 4811643.0983, 4821626.6504, 4820763.0868, 4810779.9393, 4811643.0983))"
430,10kmE482N229,38.48822935933001,40.199554443359375,3,3,"list(c(472956.0702, 473767.4337, 483712.9122, 482901.0391, 472956.0702, 4821626.6504, 4831609.564, 4830745.5982, 4820763.0868, 4821626.6504))"
455,10kmE483N216,-115.5847035571605,-115.17242813110352,4.9684,5,"list(c(472432.1777, 473231.7964, 483170.2798, 482370.0714, 472432.1777, 4690930.1759, 4700921.4666, 4700061.0375, 4690070.1615, 4690930.1759))"
456,10kmE483N223,-82.92020562941386,-98.4569091796875,4.758980785296575,5,"list(c(478049.4502, 478855.7011, 488798.1463, 487991.3471, 478049.4502, 4760854.4325, 4770840.8583, 4769977.5915, 4759991.5641, 4760854.4325))"
457,10kmE483N224,-85.79777137122414,-88.4808349609375,4.97181964573269,5,"list(c(478855.7011, 479662.893, 489605.8806, 488798.1463, 478855.7011, 4770840.8583, 4780826.6154, 4779962.9525, 4769977.5915, 4770840.8583))"
458,10kmE483N225,-77.97440140632409,-82.4150161743164,4.886542443064182,5,"list(c(479662.893, 480471.0244, 490414.5485, 489605.8806, 479662.893, 4780826.6154, 4790811.7102, 4789947.6537, 4779962.9525, 4780826.6154))"
459,10kmE483N226,-78.25798214862962,-83.39613342285156,4.791649441918148,5,"list(c(480471.0244, 481280.0935, 491224.1484, 490414.5485, 480471.0244, 4790811.7102, 4800796.1493, 4799931.7015, 4789947.6537, 4790811.7102))"
460,10kmE483N227,-41.8695506778184,-55.685386657714844,3.792067307692307,4,"list(c(481280.0935, 482090.099, 492034.6786, 491224.1484, 481280.0935, 4800796.1493, 4810779.9393, 4809915.1026, 4799931.7015, 4800796.1493))"
461,10kmE483N228,-42.660288087472544,-50.755849838256836,3.622157716497339,4,"list(c(482090.099, 482901.0391, 492846.1376, 492034.6786, 482090.099, 4810779.9393, 4820763.0868, 4819897.8634, 4809915.1026, 4810779.9393))"
462,10kmE483N229,20.59046202967565,25.193615913391113,2.370431893687708,2,"list(c(482901.0391, 483712.9122, 493658.5238, 492846.1376, 482901.0391, 4820763.0868, 4830745.5982, 4829879.9906, 4819897.8634, 4820763.0868))"
484,10kmE484N216,-146.36632043967035,-142.0718536376953,4.984793917567027,5,"list(c(482370.0714, 483170.2798, 493108.8816, 492308.0803, 482370.0714, 4690070.1615, 4700061.0375, 4699198.7275, 4689208.2482, 4690070.1615))"
485,10kmE484N224,-75.95632465686619,-81.00480651855469,4.886372826526486,5,"list(c(488798.1463, 489605.8806, 499549.0141, 498740.7339, 488798.1463, 4769977.5915, 4779962.9525, 4779097.553, 4769112.57, 4769977.5915))"
486,10kmE484N225,-43.032520823457304,-50.2987060546875,4.106813996316759,4,"list(c(489605.8806, 490414.5485, 500358.222, 499549.0141, 489605.8806, 4779962.9525, 4789947.6537, 4789081.8785, 4779097.553, 4779962.9525))"
487,10kmE484N226,-52.99391662849673,-82.3355484008789,4.0448533640023,4,"list(c(490414.5485, 491224.1484, 501168.356, 500358.222, 490414.5485, 4789947.6537, 4799931.7015, 4799065.553, 4789081.8785, 4789947.6537))"
488,10kmE484N227,-28.764489014442088,-34.38341522216797,3.766773162939297,4,"list(c(491224.1484, 492034.6786, 501979.4144, 501168.356, 491224.1484, 4799931.7015, 4809915.1026, 4809048.5831, 4799065.553, 4799931.7015))"
489,10kmE484N228,-34.84028885753087,-48.594106674194336,3.567101584342964,4,"list(c(492034.6786, 492846.1376, 502791.3958, 501979.4144, 492034.6786, 4809915.1026, 4819897.8634, 4819030.9754, 4809048.5831, 4809915.1026))"
490,10kmE484N229,25.065302756637802,21.40816307067871,1.255208333333333,1,"list(c(492846.1376, 493658.5238, 503604.2985, 502791.3958, 492846.1376, 4819897.8634, 4829879.9906, 4829012.7364, 4819030.9754, 4819897.8634))"
510,10kmE485N220,-128.5705209261338,-137.24632263183594,4.765097875885048,5,"list(c(495516.9218, 496321.4754, 506262.5521, 505457.4258, 495516.9218, 4729165.9317, 4739153.6103, 4738287.9232, 4728300.6139, 4729165.9317))"
511,10kmE485N224,-67.4544450990106,-75.97746658325195,4.45223752151463,4,"list(c(498740.7339, 499549.0141, 509492.3233, 508683.4938, 498740.7339, 4769112.57, 4779097.553, 4778230.4119, 4768245.7889, 4769112.57))"
512,10kmE485N225,8.8583882080132,11.840434074401855,3.424096385542169,4,"list(c(499549.0141, 500358.222, 510302.0746, 509492.3233, 499549.0141, 4779097.553, 4789081.8785, 4788214.3798, 4778230.4119, 4779097.553))"
513,10kmE485N226,14.891946348607707,35.654354095458984,3.881627620221948,4,"list(c(500358.222, 501168.356, 511112.7461, 510302.0746, 500358.222, 4789081.8785, 4799065.553, 4798197.699, 4788214.3798, 4789081.8785))"
514,10kmE485N227,-0.273205056747251,-2.660599827766418,3.728915662650603,4,"list(c(501168.356, 501979.4144, 511924.3363, 511112.7461, 501168.356, 4799065.553, 4809048.5831, 4808180.3762, 4798197.699, 4799065.553))"
515,10kmE485N228,-6.494611479940246,-12.803122520446777,3.799239543726236,4,"list(c(501979.4144, 502791.3958, 512736.8435, 511924.3363, 501979.4144, 4809048.5831, 4819030.9754, 4818162.418, 4808180.3762, 4809048.5831))"
535,10kmE486N220,-122.8064860280889,-122.65978240966797,5.014394242303079,5,"list(c(505457.4258, 506262.5521, 516203.8208, 515398.1183, 505457.4258, 4728300.6139, 4738287.9232, 4737420.4176, 4727433.4597, 4728300.6139))"
536,10kmE486N222,-68.47984349732606,-99.382415771484375,4.376452753916119,5,"list(c(507068.6066, 507875.5877, 517817.9912, 517010.4456, 507068.6066, 4748274.5511, 4758260.5041, 4757392.3029, 4747406.6965, 4748274.5511))"
537,10kmE486N223,-50.207323628032775,-63.1784782409668,3.824202000952835,4,"list(c(507875.5877, 508683.4938, 518626.4559, 517817.9912, 507875.5877, 4758260.5041, 4768245.7889, 4767377.2433, 4757392.3029, 4758260.5041))"
538,10kmE486N224,-38.69842102002967,-61.19965744018555,3.844114528101803,4,"list(c(508683.4938, 509492.3233, 519435.8381, 518626.4559, 508683.4938, 4768245.7889, 4778230.4119, 4777361.5244, 4767377.2433, 4768245.7889))"
539,10kmE486N225,-11.223804989143813,-2.554446935653687,3.77363184079602,4,"list(c(509492.3233, 510302.0746, 520246.1363, 519435.8381, 509492.3233, 4778230.4119, 4788214.3798, 4787345.1527, 4777361.5244, 4778230.4119))"
540,10kmE486N226,28.73547170086212,26.663089752197266,3.884074941451991,4,"list(c(510302.0746, 511112.7461, 521057.3489, 520246.1363, 510302.0746, 4788214.3798, 4798197.699, 4797328.1347, 4787345.1527, 4788214.3798))"
541,10kmE486N227,-3.846072214601452,-13.791215896606445,3.859259259259259,4,"list(c(511112.7461, 511924.3363, 521869.4742, 521057.3489, 511112.7461, 4798197.699, 4808180.3762, 4807310.477, 4797328.1347, 4798197.699))"
542,10kmE486N228,35.796430472421136,39.48322105407715,3.622065727699531,4,"list(c(511924.3363, 512736.8435, 522682.5106, 521869.4742, 511924.3363, 4808180.3762, 4818162.418, 4817292.1862, 4807310.477, 4808180.3762))"
559,10kmE487N220,-100.49495499102015,-113.8532485961914,4.840748440748441,5,"list(c(515398.1183, 516203.8208, 526145.3112, 525339.029, 515398.1183, 4727433.4597, 4737420.4176, 4736551.0887, 4726564.4641, 4727433.4597))"
560,10kmE487N221,-88.50291435469249,-91.128875732421875,4.849898580121704,5,"list(c(516203.8208, 517010.4456, 526952.5098, 526145.3112, 516203.8208, 4737420.4176, 4747406.6965, 4746537.0366, 4736551.0887, 4737420.4176))"
561,10kmE487N222,-31.413786140121008,-17.628040313720703,3.737848605577689,4,"list(c(517010.4456, 517817.9912, 527760.6233, 526952.5098, 517010.4456, 4747406.6965, 4757392.3029, 4756522.3144, 4746537.0366, 4747406.6965))"
562,10kmE487N223,-41.973272291795055,-60.118011474609375,3.90051282051282,4,"list(c(517817.9912, 518626.4559, 528569.6501, 527760.6233, 517817.9912, 4757392.3029, 4767377.2433, 4766506.9285, 4756522.3144, 4757392.3029))"
563,10kmE487N224,-62.358587389224404,-66.60663604736328,3.945295404814004,4,"list(c(518626.4559, 519435.8381, 529379.5885, 528569.6501, 518626.4559, 4767377.2433, 4777361.5244, 4776490.8856, 4766506.9285, 4767377.2433))"
564,10kmE487N225,-42.40084461726718,-64.78447723388672,3.950317735413056,4,"list(c(519435.8381, 520246.1363, 530190.437, 529379.5885, 519435.8381, 4777361.5244, 4787345.1527, 4786474.1923, 4776490.8856, 4777361.5244))"
565,10kmE487N226,-42.183502634514376,-48.402488708496094,3.930374904361132,4,"list(c(520246.1363, 521057.3489, 531002.194, 530190.437, 520246.1363, 4787345.1527, 4797328.1347, 4796456.8551, 4786474.1923, 4787345.1527))"
566,10kmE487N227,-44.84402115317997,-61.530086517333984,3.848024316109422,4,"list(c(521057.3489, 521869.4742, 531814.8579, 531002.194, 521057.3489, 4797328.1347, 4807310.477, 4806438.8805, 4796456.8551, 4797328.1347))"
567,10kmE487N228,124.22201222038673,123.85891723632812,3.222222222222222,3,"list(c(521869.4742, 522682.5106, 532628.4272, 531814.8579, 521869.4742, 4807310.477, 4817292.1862, 4816420.2752, 4806438.8805, 4807310.477))"
583,10kmE488N220,-75.82956892285362,-100.77373886108398,4.781065088757397,5,"list(c(525339.029, 526145.3112, 536087.0532, 535280.1879, 525339.029, 4726564.4641, 4736551.0887, 4735679.9315, 4725693.6222, 4726564.4641))"
584,10kmE488N221,-64.114306617531,-67.79241943359375,4.687032967032967,5,"list(c(526145.3112, 526952.5098, 536894.8291, 536087.0532, 526145.3112, 4736551.0887, 4746537.0366, 4745665.5665, 4735679.9315, 4736551.0887))"
585,10kmE488N222,-23.91311210508719,-27.51598834991455,3.845100864553314,4,"list(c(526952.5098, 527760.6233, 537703.5139, 536894.8291, 526952.5098, 4746537.0366, 4756522.3144, 4755650.5336, 4745665.5665, 4746537.0366))"
586,10kmE488N223,-38.379740455210026,-56.47102928161621,3.857827476038339,4,"list(c(527760.6233, 528569.6501, 538513.1062, 537703.5139, 527760.6233, 4756522.3144, 4766506.9285, 4765634.8395, 4755650.5336, 4756522.3144))"
587,10kmE488N224,-73.63461754380177,-65.64430236816406,3.94792586054722,4,"list(c(528569.6501, 529379.5885, 539323.6043, 538513.1062, 528569.6501, 4766506.9285, 4776490.8856, 4775618.4907, 4765634.8395, 4766506.9285))"
588,10kmE488N225,-13.447302438255194,-47.122920989990234,3.919143876337693,4,"list(c(529379.5885, 530190.437, 540135.0066, 539323.6043, 529379.5885, 4776490.8856, 4786474.1923, 4785601.4938, 4775618.4907, 4776490.8856))"
589,10kmE488N226,-71.33458086290034,-70.2448616027832,3.96897663174859,4,"list(c(530190.437, 531002.194, 540947.3115, 540135.0066, 530190.437, 4786474.1923, 4796456.8551, 4795583.8553, 4785601.4938, 4786474.1923))"
590,10kmE488N227,14.289294305566516,-13.542584896087646,3.857587548638132,4,"list(c(531002.194, 531814.8579, 541760.5175, 540947.3115, 531002.194, 4796456.8551, 4806438.8805, 4805565.5819, 4795583.8553, 4796456.8551))"
606,10kmE489N220,-111.94282822532102,-114.50550079345703,5.012404961984794,5,"list(c(535280.1879, 536087.0532, 546029.0766, 545221.6247, 535280.1879, 4725693.6222, 4735679.9315, 4734806.9412, 4724820.9291, 4725693.6222))"
607,10kmE489N221,-69.85976399212426,-72.188446044921875,4.505099959200327,5,"list(c(536087.0532, 536894.8291, 546837.4332, 546029.0766, 536087.0532, 4735679.9315, 4745665.5665, 4744792.2812, 4734806.9412, 4735679.9315))"
608,10kmE489N222,-58.1244923371546,-65.30099105834961,3.933743492664458,4,"list(c(536894.8291, 537703.5139, 547646.6929, 546837.4332, 536894.8291, 4745665.5665, 4755650.5336, 4754776.9557, 4744792.2812, 4745665.5665))"
609,10kmE489N223,-6.270420102361159,-3.094901084899902,3.551462621885157,4,"list(c(537703.5139, 538513.1062, 548456.8541, 547646.6929, 537703.5139, 4755650.5336, 4765634.8395, 4764760.9713, 4754776.9557, 4755650.5336))"
610,10kmE489N224,-75.25757884923397,-79.82616424560547,3.84818339100346,4,"list(c(538513.1062, 539323.6043, 549267.9153, 548456.8541, 538513.1062, 4765634.8395, 4775618.4907, 4774744.3346, 4764760.9713, 4765634.8395))"
611,10kmE489N225,-15.019996306326746,-38.975833892822266,3.923076923076923,4,"list(c(539323.6043, 540135.0066, 550079.8749, 549267.9153, 539323.6043, 4775618.4907, 4785601.4938, 4784727.0521, 4774744.3346, 4775618.4907))"
612,10kmE489N226,-15.481358348212181,-35.24496650695801,3.889204545454545,4,"list(c(540135.0066, 540947.3115, 550892.7313, 550079.8749, 540135.0066, 4785601.4938, 4795583.8553, 4794709.1304, 4784727.0521, 4785601.4938))"
613,10kmE489N227,219.32127959761715,226.0851058959961,2.25,2,"list(c(540947.3115, 541760.5175, 551706.4829, 550892.7313, 540947.3115, 4795583.8553, 4805565.5819, 4804690.5762, 4794709.1304, 4795583.8553))"
627,10kmE490N221,-79.70951546159552,-81.72010040283203,4.767134268537074,5,"list(c(546029.0766, 546837.4332, 556780.3521, 555971.4114, 546029.0766, 4734806.9412, 4744792.2812, 4743917.1758, 4733932.1127, 4734806.9412))"
628,10kmE490N222,-64.9517587092639,-77.04932022094727,4.016891891891892,4,"list(c(546837.4332, 547646.6929, 557590.1901, 556780.3521, 546837.4332, 4744792.2812, 4754776.9557, 4753901.5757, 4743917.1758, 4744792.2812))"
629,10kmE490N223,7.231184277571773,4.536648750305176,2.922984356197353,2,"list(c(547646.6929, 548456.8541, 558400.9238, 557590.1901, 547646.6929, 4754776.9557, 4764760.9713, 4763885.3191, 4753901.5757, 4754776.9557))"
630,10kmE490N224,-50.96476616044872,-50.830726623535156,3.96902842596521,4,"list(c(548456.8541, 549267.9153, 559212.5517, 558400.9238, 548456.8541, 4764760.9713, 4774744.3346, 4773868.4124, 4763885.3191, 4764760.9713))"
631,10kmE490N225,-18.691801479890916,-27.173481941223145,3.824602707474985,4,"list(c(549267.9153, 550079.8749, 560025.072, 559212.5517, 549267.9153, 4774744.3346, 4784727.0521, 4783850.8624, 4773868.4124, 4774744.3346))"
632,10kmE490N226,134.81694275443644,129.793212890625,3.142857142857143,3,"list(c(550079.8749, 550892.7313, 560838.4833, 560025.072, 550079.8749, 4784727.0521, 4794709.1304, 4793832.6755, 4783850.8624, 4784727.0521))"
646,10kmE491N223,-17.584705969779122,-7.677695751190186,3.726679104477612,4,"list(c(557590.1901, 558400.9238, 568345.3452, 567534.0355, 557590.1901, 4753901.5757, 4763885.3191, 4763007.8777, 4753024.3886, 4753901.5757))"
647,10kmE491N224,-41.861174947547916,-44.03618240356445,3.890243902439024,4,"list(c(558400.9238, 559212.5517, 569157.5431, 568345.3452, 558400.9238, 4763885.3191, 4773868.4124, 4772990.7192, 4763007.8777, 4763885.3191))"
648,10kmE491N225,31.765967104898458,29.230030059814453,3.704595185995624,4,"list(c(559212.5517, 560025.072, 569970.6277, 569157.5431, 559212.5517, 4773868.4124, 4783850.8624, 4782972.9196, 4772990.7192, 4773868.4124))"
663,10kmE492N221,-71.88996124322237,-81.47248077392578,3.767780172413793,4,"list(c(565914.0874, 566723.6157, 576667.2539, 575857.1344, 565914.0874, 4733055.4411, 4743040.2453, 4742161.4847, 4732176.9214, 4733055.4411))"
664,10kmE492N222,-95.10395563965568,-96.76921081542969,3.97010647010647,4,"list(c(566723.6157, 567534.0355, 577478.259, 576667.2539, 566723.6157, 4743040.2453, 4753024.3886, 4752145.3894, 4742161.4847, 4743040.2453))"
665,10kmE492N223,-8.283229898318206,-9.160177230834961,3.21011673151751,4,"list(c(567534.0355, 568345.3452, 578290.1481, 577478.259, 567534.0355, 4753024.3886, 4763007.8777, 4762128.6423, 4752145.3894, 4753024.3886))"
666,10kmE492N224,-7.633330141780072,-8.058260917663574,3.073950699533644,4,"list(c(568345.3452, 569157.5431, 579102.9196, 578290.1481, 568345.3452, 4763007.8777, 4772990.7192, 4772111.2499, 4762128.6423, 4763007.8777))"
667,10kmE492N225,110.21982755598808,108.65084075927734,1,1,"list(c(569157.5431, 569970.6277, 579916.5719, 579102.9196, 569157.5431, 4772990.7192, 4782972.9196, 4782093.2188, 4772111.2499, 4772990.7192))"
678,10kmE493N221,-53.483004061020864,-70.9412612915039,3.981503579952267,4,"list(c(575857.1344, 576667.2539, 586611.2965, 585800.5824, 575857.1344, 4732176.9214, 4742161.4847, 4741280.8889, 4731296.5486, 4732176.9214))"
679,10kmE493N222,-19.462450109968948,-27.958162307739258,3.849872773536896,4,"list(c(576667.2539, 577478.259, 587422.8904, 586611.2965, 576667.2539, 4742161.4847, 4752145.3894, 4751264.5731, 4741280.8889, 4742161.4847))"
680,10kmE493N223,-8.992088727262415,-8.191815376281738,1.89800796812749,2,"list(c(577478.259, 578290.1481, 588235.3624, 587422.8904, 577478.259, 4752145.3894, 4762128.6423, 4761247.6078, 4751264.5731, 4752145.3894))"
681,10kmE493N224,37.792078382656506,34.78338432312012,1.402985074626866,1,"list(c(578290.1481, 579102.9196, 589048.711, 588235.3624, 578290.1481, 4762128.6423, 4772111.2499, 4771229.9995, 4761247.6078, 4762128.6423))"
693,10kmE494N220,-122.47486783228267,-125.91085052490234,4.1012,4,"list(c(584990.7496, 585800.5824, 595744.4613, 594934.0245, 584990.7496, 4721311.5455, 4731296.5486, 4730414.3176, 4720429.5218, 4721311.5455))"
694,10kmE494N221,-64.19663357308167,-66.3787841796875,3.894794520547945,4,"list(c(585800.5824, 586611.2965, 596555.7735, 595744.4613, 585800.5824, 4731296.5486, 4741280.8889, 4740398.453, 4730414.3176, 4731296.5486))"
695,10kmE494N222,-15.272215239304375,-11.097137451171875,3.255874673629243,4,"list(c(586611.2965, 587422.8904, 597367.9597, 596555.7735, 586611.2965, 4741280.8889, 4751264.5731, 4750381.9346, 4740398.453, 4741280.8889))"
696,10kmE494N223,-1.073226863317864,-5.046756744384766,1.838235294117647,2,"list(c(587422.8904, 588235.3624, 598181.0181, 597367.9597, 587422.8904, 4751264.5731, 4761247.6078, 4760364.7691, 4750381.9346, 4751264.5731))"
709,10kmE495N220,-121.62426708436907,-138.07556915283203,3.948578595317726,4,"list(c(594934.0245, 595744.4613, 605688.8008, 604877.7566, 594934.0245, 4720429.5218, 4730414.3176, 4729530.2233, 4719545.6167, 4720429.5218))"
710,10kmE495N221,-52.062222584338095,-58.917724609375,3.861567339277335,4,"list(c(595744.4613, 596555.7735, 606500.7147, 605688.8008, 595744.4613, 4730414.3176, 4740398.453, 4739514.1718, 4729530.2233, 4730414.3176))"
711,10kmE495N222,12.570443544658541,8.860699653625488,2.1953125,2,"list(c(596555.7735, 597367.9597, 607313.4967, 606500.7147, 596555.7735, 4740398.453, 4750381.9346, 4749497.4689, 4739514.1718, 4740398.453))"
723,10kmE496N221,-54.49139404330249,-53.89070510864258,3.750145264381174,4,"list(c(605688.8008, 606500.7147, 616446.1501, 615633.6311, 605688.8008, 4729530.2233, 4739514.1718, 4738628.0402, 4728644.2606, 4729530.2233))"
724,10kmE496N222,44.541108431267276,50.53932571411133,3.230769230769231,4,"list(c(606500.7147, 607313.4967, 617259.5314, 616446.1501, 606500.7147, 4739514.1718, 4749497.4689, 4748611.1708, 4738628.0402, 4739514.1718))"
735,10kmE497N220,-96.79454706206754,-106.9556655883789,3.898900169204738,4,"list(c(614821.9758, 615633.6311, 625578.9818, 624766.712, 614821.9758, 4718659.8252, 4728644.2606, 4727756.4244, 4717772.1422, 4718659.8252))"
736,10kmE497N221,1.890177118549532,3.770722150802612,3.699728260869565,4,"list(c(615633.6311, 616446.1501, 626392.1096, 625578.9818, 615633.6311, 4728644.2606, 4738628.0402, 4737740.0532, 4727756.4244, 4728644.2606))"
747,10kmE498N220,-63.007572182915546,-95.12558364868164,3.803086748270357,4,"list(c(624766.712, 625578.9818, 635524.8831, 634711.9952, 624766.712, 4717772.1422, 4727756.4244, 4726866.7095, 4716882.5626, 4717772.1422))"
748,10kmE498N221,42.762298266889104,44.75590896606445,3.066666666666667,3,"list(c(625578.9818, 626392.1096, 636338.6231, 635524.8831, 625578.9818, 4727756.4244, 4737740.0532, 4736850.2054, 4726866.7095, 4727756.4244))"
759,10kmE499N219,-112.3569217663875,-122.2933120727539,3.974957555178268,4,"list(c(633899.961, 634711.9952, 644657.8552, 643845.1936, 633899.961, 4706897.7579, 4716882.5626, 4715991.081, 4706006.3959, 4706897.7579))"
760,10kmE499N220,13.497914103616512,27.9743709564209,3.399239543726236,4,"list(c(634711.9952, 635524.8831, 645471.3647, 644657.8552, 634711.9952, 4716882.5626, 4726866.7095, 4725975.1108, 4715991.081, 4716882.5626))"
772,10kmE500N219,-7.843189013448627,29.301231384277344,3.891941391941392,4,"list(c(643845.1936, 644657.8552, 654604.3219, 653791.0293, 643845.1936, 4706006.3959, 4715991.081, 4715097.6924, 4705113.1088, 4706006.3959))"
785,10kmE501N218,-93.35413927521212,-113.47357177734375,3.926078971533517,4,"list(c(652978.5803, 653791.0293, 663737.4982, 662924.4088, 652978.5803, 4695127.8656, 4705113.1088, 4704217.8913, 4694232.734, 4695127.8656))"
786,10kmE501N219,102.6991515920534,108.32247161865234,3.5,4,"list(c(653791.0293, 654604.3219, 664551.4254, 663737.4982, 653791.0293, 4705113.1088, 4715097.6924, 4714202.3914, 4704217.8913, 4705113.1088))"
801,10kmE502N218,-33.73688637306508,-23.290353775024414,3.765413533834586,4,"list(c(662924.4088, 663737.4982, 673684.6301, 672870.8967, 662924.4088, 4694232.734, 4704217.8913, 4703320.7382, 4693335.6487, 4694232.734))"
